{
  "WARNING": [
    [
      636.9,
      141.9
    ],
    [
      771.375,
      164.17499999999998
    ],
    [
      759.8249999999999,
      201.29999999999998
    ],
    [
      623.6999999999999,
      179.85
    ],
    [
      636.0749999999999,
      146.85
    ]
  ],
  "DANGER": [
    [
      707.025,
      27.224999999999998
    ],
    [
      807.675,
      37.125
    ],
    [
      803.55,
      103.125
    ],
    [
      686.4,
      83.325
    ],
    [
      707.025,
      29.7
    ]
  ]
}
